City,1990,1991,1992,1993,1994,1995,1996,1997,1998,1999,2000,2001,2002,2003,2004,2005,2006,2007,2008,2009,2010,2011,2012,2013,2014,2015,2016,2017,2018,2019,2020,2021,2022,2023
Bruxelles / Brussel,"2,661","2,661","2,661","2,661","2,661","2,661","2,661","2,661","2,661","2,661","2,661","2,661","2,661","2,661","2,661","2,661","2,661","2,661","2,661","2,661","2,653","2,662","2,662","2,679","2,679","2,679","2,679","2,679","2,679","2,679","2,679","4,873","4,873","4,873"
Antwerpen,954,954,954,954,954,954,954,954,954,954,954,954,954,954,954,954,954,954,954,954,992,957,957,960,960,960,960,960,960,960,960,960,960,960
Gent,"1,266","1,266","1,266","1,266","1,266","1,266","1,266","1,266","1,266","1,266","1,266","1,266","1,266","1,266","1,266","1,266","1,266","1,266","1,266","1,266","1,268","1,267","1,267","1,274","1,274","1,274","1,274","1,274","1,274","1,274","1,274","1,274","1,274","1,274"
Charleroi,555,555,555,555,555,555,555,555,555,555,555,555,555,555,555,555,555,555,555,555,553,555,555,559,559,559,559,559,559,559,559,"2,165","2,165","2,165"
Liège,"1,178","1,178","1,178","1,178","1,178","1,178","1,178","1,178","1,178","1,178","1,178","1,178","1,178","1,178","1,178","1,178","1,178","1,178","1,178","1,178","1,185","1,177","1,177","1,176","1,176","1,176","1,176","1,176","1,176","1,176","1,176","1,833","1,833","1,833"
Namur,:,:,:,:,:,:,:,:,:,:,:,:,:,:,:,:,:,:,:,:,:,:,:,:,:,:,:,:,:,:,:,"1,163","1,163","1,163"
Sofia,:,:,:,:,:,:,:,:,:,:,:,:,:,:,:,:,:,:,:,:,"10,679.60","10,612","10,611.50","10,738","10,738","10,738","10,738","10,738","10,738","10,738","10,738","10,738","10,738","10,738"
Plovdiv,:,:,:,:,:,:,:,:,:,:,:,:,:,:,:,:,:,:,:,:,"5,802.50","5,769","5,769.30","5,904","5,904","5,904","5,904","5,904","5,904","5,904","5,904","5,904","5,904","5,904"
Varna,:,:,:,:,:,:,:,:,:,:,:,:,:,:,:,:,:,:,:,:,"3,745.10","3,748","3,747.70","3,778","3,778","3,778","3,778","3,778","3,778","3,778","3,778","3,778","3,778","3,778"
Burgas,:,:,:,:,:,:,:,:,:,:,:,:,:,:,:,:,:,:,:,:,"7,558.60","7,571","7,570.90","7,637","7,637","7,637","7,637","7,637","7,637","7,637","7,637","7,637","7,637","7,637"
Praha,"11,273.20","11,272.60","11,292.90","11,292.80","11,291.50","11,292.60","11,292.20","11,292.60","11,293","11,293.40","11,293.50","11,293.40","11,293.20","11,294.80","11,293","11,293","11,292","11,291.90","11,292","11,291.40","11,291.40","11,292","11,291.80","11,204","11,204","11,204","11,204","11,204","11,204","11,204","11,204","11,204","11,204","11,204"
Brno,:,:,:,:,:,:,:,:,:,:,"6,917.30","6,917.10","6,916.90","6,917.40","6,917.40","7,045.20","7,044.10","7,042.80","7,042.10","7,041.50","7,040.10","7,039.90","7,040","7,032","7,032","7,032","7,032","7,032","7,032","7,032","7,032","7,032","7,032","7,032"
Ostrava,"5,535.60","5,535.40","5,534.50","5,534.50","5,534.50","5,532.70","5,444.20","5,442","5,441.80","5,440.80","5,440.70","5,440.70","5,441","5,421.90","5,421.70","5,314","5,314","5,312.70","5,312.70","5,312.30","5,312.60","5,312.10","5,312.30","5,314","5,314","5,314","5,314","5,314","5,314","5,314","5,314","5,314","5,314","5,314"
Plzen,"7,447.30","7,446.10","7,445.10","7,446","7,446.40","7,446.40","7,446.30","7,446.40","7,446","7,446.70","7,446.70","7,446.40","7,446.50","7,446.50","7,446.50","7,446","7,446","7,445.50","7,445.50","7,445","7,444.90","7,444.50","7,444.30","7,527","7,527","7,527","7,527","7,527","7,527","7,527","7,527","7,527","7,527","7,527"
Liberec,"3,135.70","3,135.40","3,115.30","3,115","3,115","3,115.20","3,115.40","3,115.40","3,115.50","3,115.50","3,115.50","3,115.40","3,115.20","3,115.20","3,115.20","3,115","3,115","3,115.20","3,115.20","3,115.20","3,115.20","3,115.30","3,115.50","3,115","3,115","3,115","3,115","3,115",:,:,:,:,:,:
København,:,:,:,:,:,:,:,:,:,:,:,:,:,:,:,:,:,:,:,:,:,:,:,"2,645","2,645","2,645","2,645","2,645","2,645","2,645","2,645","2,645","2,645","2,645"
Århus,:,:,:,:,:,:,:,:,:,:,:,:,:,:,:,:,:,:,:,:,:,:,:,"5,754","5,754","5,754","5,754","5,754","5,754","5,754","5,754","5,754","5,754","5,754"
Odense,:,:,:,:,:,:,:,:,:,:,:,:,:,:,:,:,:,:,:,:,:,:,:,"3,412","3,412","3,412","3,412","3,412","3,412","3,412","3,412","3,412","3,412","3,412"
Aalborg,:,:,:,:,:,:,:,:,:,:,:,:,:,:,:,:,:,:,:,:,:,:,:,"7,718","7,718","7,718","7,718","7,718","7,718","7,718","7,718","7,718","7,718","7,718"
Berlin,:,:,:,:,:,:,:,:,:,:,:,:,:,:,:,:,:,:,:,:,:,:,:,"17,106","17,106","17,106","17,106","17,106","17,106","17,106","17,106","17,106","17,106","17,106"
Hamburg,:,:,:,:,:,:,:,:,:,:,:,:,:,:,:,:,:,:,:,:,:,:,:,"7,096","7,096","7,096","7,096","7,096","7,096","7,096","7,096","7,096","7,096","7,096"
München,:,:,:,:,:,:,:,:,:,:,:,:,:,:,:,:,:,:,:,:,:,:,:,"5,369","5,369","5,369","5,369","5,369","5,369","5,369","5,369","5,369","5,369","5,369"
Köln,:,:,:,:,:,:,:,:,:,:,:,:,:,:,:,:,:,:,:,:,:,:,:,"1,597","1,597","1,597","1,597","1,597","1,597","1,597","1,597","1,597","1,597","1,597"
Frankfurt am Main,:,:,:,:,:,:,:,:,:,:,:,:,:,:,:,:,:,:,:,:,:,:,:,"4,281","4,281","4,281","4,281","4,281","4,281","4,281","4,281","4,281","4,281","4,281"
Stuttgart,:,:,:,:,:,:,:,:,:,:,:,:,:,:,:,:,:,:,:,:,:,:,:,"3,650","3,650","3,650","3,650","3,650","3,650","3,650","3,650","3,650","3,650","3,650"
Leipzig,:,:,:,:,:,:,:,:,:,:,:,:,:,:,:,:,:,:,:,:,:,:,:,"3,898","3,898","3,898","3,898","3,898","3,898","3,898","3,898","3,898","3,898","3,898"
Dresden,:,:,:,:,:,:,:,:,:,:,:,:,:,:,:,:,:,:,:,:,:,:,:,"5,710","5,710","5,710","5,710","5,710","5,710","5,710","5,710","5,710","5,710","5,710"
Düsseldorf,:,:,:,:,:,:,:,:,:,:,:,:,:,:,:,:,:,:,:,:,:,:,:,"1,175","1,175","1,175","1,175","1,175","1,175","1,175","1,175","1,175","1,175","1,175"
Bremen,:,:,:,:,:,:,:,:,:,:,:,:,:,:,:,:,:,:,:,:,:,:,:,"5,848","5,848","5,848","5,848","5,848","5,848","5,848","5,848","5,848","5,848","5,848"
Hannover,:,:,:,:,:,:,:,:,:,:,:,:,:,:,:,:,:,:,:,:,:,:,:,"2,935","2,935","2,935","2,935","2,935","2,935","2,935","2,935","2,935","2,935","2,935"
Nürnberg,:,:,:,:,:,:,:,:,:,:,:,:,:,:,:,:,:,:,:,:,:,:,:,"2,920","2,920","2,920","2,920","2,920","2,920","2,920","2,920","2,920","2,920","2,920"
Bielefeld,:,:,:,:,:,:,:,:,:,:,:,:,:,:,:,:,:,:,:,:,:,:,:,259,259,259,259,259,259,259,259,259,259,259
Halle an der Saale,:,:,:,:,:,:,:,:,:,:,:,:,:,:,:,:,:,:,:,:,:,:,:,"1,536","1,536","1,536","1,536","1,536","1,536","1,536","1,536","1,536","1,536","1,536"
Magdeburg,:,:,:,:,:,:,:,:,:,:,:,:,:,:,:,:,:,:,:,:,:,:,:,"4,117","4,117","4,117","4,117","4,117","4,117","4,117","4,117","4,117","4,117","4,117"
Wiesbaden,:,:,:,:,:,:,:,:,:,:,:,:,:,:,:,:,:,:,:,:,:,:,:,999,999,999,999,999,999,999,999,999,999,999
Göttingen,:,:,:,:,:,:,:,:,:,:,:,:,:,:,:,:,:,:,:,:,:,:,:,"2,382","2,382","2,382","2,382","2,382","3,016","3,016","3,016","3,016","3,016","3,016"
Darmstadt,:,:,:,:,:,:,:,:,:,:,:,:,:,:,:,:,:,:,:,:,:,:,:,780,780,780,780,780,780,780,780,780,780,780
Freiburg im Breisgau,:,:,:,:,:,:,:,:,:,:,:,:,:,:,:,:,:,:,:,:,:,:,:,"2,196","2,196","2,196","2,196","2,196","2,196","2,196","2,196","2,196","2,196","2,196"
Regensburg,:,:,:,:,:,:,:,:,:,:,:,:,:,:,:,:,:,:,:,:,:,:,:,"2,518","2,518","2,518","2,518","2,518","2,518","2,518","2,518","2,518","2,518","2,518"
Schwerin,:,:,:,:,:,:,:,:,:,:,:,:,:,:,:,:,:,:,:,:,:,:,:,"4,757","4,757","4,757","4,757","4,757","4,757","4,757","4,757","4,757","4,757","4,757"
Erfurt,:,:,:,:,:,:,:,:,:,:,:,:,:,:,:,:,:,:,:,:,:,:,:,"2,844","2,844","2,844","2,844","2,844","2,844","2,844","2,844","2,844","2,844","2,844"
Augsburg,:,:,:,:,:,:,:,:,:,:,:,:,:,:,:,:,:,:,:,:,:,:,:,"1,995","1,995","1,995","1,995","1,995","1,995","1,995","1,995","1,995","1,995","1,995"
Bonn,:,:,:,:,:,:,:,:,:,:,:,:,:,:,:,:,:,:,:,:,:,:,:,"1,280","1,280","1,280","1,280","1,280","1,280","1,280","1,280","1,280","1,280","1,280"
Karlsruhe,:,:,:,:,:,:,:,:,:,:,:,:,:,:,:,:,:,:,:,:,:,:,:,"1,236","1,236","1,236","1,236","1,236","1,236","1,236","1,236","1,236","1,236","1,236"
Mönchengladbach,:,:,:,:,:,:,:,:,:,:,:,:,:,:,:,:,:,:,:,:,:,:,:,170,170,170,170,170,170,170,170,170,170,170
Mainz,:,:,:,:,:,:,:,:,:,:,:,:,:,:,:,:,:,:,:,:,:,:,:,686,686,686,686,686,686,686,686,686,686,686
Ruhrgebiet,:,:,:,:,:,:,:,:,:,:,:,:,:,:,:,:,:,:,:,:,:,:,:,"4,363","4,363","4,363","4,363","4,363","4,363","4,363","4,363","4,363","4,363","4,363"
Kiel,:,:,:,:,:,:,:,:,:,:,:,:,:,:,:,:,:,:,:,:,:,:,:,"3,246","3,246","3,246","3,246","3,246","3,246","3,246","3,246","3,246","3,246","3,246"
Saarbrücken,:,:,:,:,:,:,:,:,:,:,:,:,:,:,:,:,:,:,:,:,:,:,:,"1,537","1,537","1,537","1,537","1,537","1,537","1,537","1,537","1,537","1,537","1,537"
Koblenz,:,:,:,:,:,:,:,:,:,:,:,:,:,:,:,:,:,:,:,:,:,:,:,907,907,907,907,907,907,907,907,907,907,907
Rostock,:,:,:,:,:,:,:,:,:,:,:,:,:,:,:,:,:,:,:,:,:,:,:,"3,556","3,556","3,556","3,556","3,556","3,556","3,556","3,556","3,556","3,556","3,556"
Kaiserslautern,:,:,:,:,:,:,:,:,:,:,:,:,:,:,:,:,:,:,:,:,:,:,:,"1,354","1,354","1,354","1,354","1,354","1,354","1,354","1,354","1,354","1,354","1,354"
Iserlohn,:,:,:,:,:,:,:,:,:,:,:,:,:,:,:,:,:,:,:,:,:,:,:,"1,057","1,057","1,057","1,057","1,057","1,057","1,057","1,057","1,057","1,057","1,057"
Flensburg,:,:,:,:,:,:,:,:,:,:,:,:,:,:,:,:,:,:,:,:,:,:,:,"2,116","2,116","2,116","2,116","2,116","2,116","2,116","2,116","2,116","2,116","2,116"
Konstanz,:,:,:,:,:,:,:,:,:,:,:,:,:,:,:,:,:,:,:,:,:,:,:,770,770,770,770,770,770,770,770,770,770,770
Gießen,:,:,:,:,:,:,:,:,:,:,:,:,:,:,:,:,:,:,:,:,:,:,:,853,853,853,853,853,853,853,853,853,853,853
Bayreuth,:,:,:,:,:,:,:,:,:,:,:,:,:,:,:,:,:,:,:,:,:,:,:,"1,999","1,999","1,999","1,999","1,999","1,999","1,999","1,999","1,999","1,999","1,999"
Aschaffenburg,:,:,:,:,:,:,:,:,:,:,:,:,:,:,:,:,:,:,:,:,:,:,:,"1,464","1,464","1,464","1,464","1,464","1,464","1,464","1,464","1,464","1,464","1,464"
Neubrandenburg,:,:,:,:,:,:,:,:,:,:,:,:,:,:,:,:,:,:,:,:,:,:,:,"5,119","5,119","5,119","5,119","5,119","5,119","5,119","5,119","5,119","5,119","5,119"
Rosenheim,:,:,:,:,:,:,:,:,:,:,:,:,:,:,:,:,:,:,:,:,:,:,:,"1,453","1,453","1,453","1,453","1,453","1,453","1,453","1,453","1,453","1,453","1,453"
Offenburg,:,:,:,:,:,:,:,:,:,:,:,:,:,:,:,:,:,:,:,:,:,:,:,"1,843","1,843","1,843","1,843","1,843","1,843","1,843","1,843","1,843","1,843","1,843"
Görlitz,:,:,:,:,:,:,:,:,:,:,:,:,:,:,:,:,:,:,:,:,:,:,:,"2,059","2,059","2,059","2,059","2,059","2,059","2,059","2,059","2,059","2,059","2,059"
Schweinfurt,:,:,:,:,:,:,:,:,:,:,:,:,:,:,:,:,:,:,:,:,:,:,:,"2,010","2,010","2,010","2,010","2,010","2,010","2,010","2,010","2,010","2,010","2,010"
Wetzlar,:,:,:,:,:,:,:,:,:,:,:,:,:,:,:,:,:,:,:,:,:,:,:,"1,065","1,065","1,065","1,065","1,065","1,065","1,065","1,065","1,065","1,065","1,065"
Braunschweig-Salzgitter-Wolfsburg,:,:,:,:,:,:,:,:,:,:,:,:,:,:,:,:,:,:,:,:,:,:,:,"4,112","4,112","4,112","4,112","4,112","4,112","4,112","4,112","4,112","4,112","4,112"
Mannheim-Ludwigshafen,:,:,:,:,:,:,:,:,:,:,:,:,:,:,:,:,:,:,:,:,:,:,:,"2,013","2,013","2,013","2,013","2,013","2,013","2,013","2,013","2,013","2,013","2,013"
Münster,:,:,:,:,:,:,:,:,:,:,:,:,:,:,:,:,:,:,:,:,:,:,:,"1,413","1,413","1,413","1,413","1,413","1,413","1,413","1,413","1,413","1,413","1,413"
Aachen,:,:,:,:,:,:,:,:,:,:,:,:,:,:,:,:,:,:,:,:,:,:,:,702,702,702,702,702,702,702,702,702,702,702
Lübeck,:,:,:,:,:,:,:,:,:,:,:,:,:,:,:,:,:,:,:,:,:,:,:,"1,550","1,550","1,550","1,550","1,550","1,550","1,550","1,550","1,550","1,550","1,550"
Kassel,:,:,:,:,:,:,:,:,:,:,:,:,:,:,:,:,:,:,:,:,:,:,:,"1,399","1,399","1,399","1,399","1,399","1,399","1,399","1,399","1,399","1,399","1,399"
Osnabrück,:,:,:,:,:,:,:,:,:,:,:,:,:,:,:,:,:,:,:,:,:,:,:,"2,238","2,238","2,238","2,238","2,238","2,238","2,238","2,238","2,238","2,238","2,238"
Oldenburg (Oldenburg),:,:,:,:,:,:,:,:,:,:,:,:,:,:,:,:,:,:,:,:,:,:,:,"1,889","1,889","1,889","1,889","1,889","1,889","1,889","1,889","1,889","1,889","1,889"
Heidelberg,:,:,:,:,:,:,:,:,:,:,:,:,:,:,:,:,:,:,:,:,:,:,:,"1,161","1,161","1,161","1,161","1,161","1,161","1,161","1,161","1,161","1,161","1,161"
Paderborn,:,:,:,:,:,:,:,:,:,:,:,:,:,:,:,:,:,:,:,:,:,:,:,"1,239","1,239","1,239","1,239","1,239","1,239","1,239","1,239","1,239","1,239","1,239"
Würzburg,:,:,:,:,:,:,:,:,:,:,:,:,:,:,:,:,:,:,:,:,:,:,:,"3,048","3,048","3,048","3,048","3,048","3,048","3,048","3,048","3,048","3,048","3,048"
Bremerhaven,:,:,:,:,:,:,:,:,:,:,:,:,:,:,:,:,:,:,:,:,:,:,:,"2,119","2,119","2,119","2,119","2,119","2,119","2,119","2,119","2,119","2,119","2,119"
Heilbronn,:,:,:,:,:,:,:,:,:,:,:,:,:,:,:,:,:,:,:,:,:,:,:,"1,198","1,198","1,198","1,198","1,198","1,198","1,198","1,198","1,198","1,198","1,198"
Ulm,:,:,:,:,:,:,:,:,:,:,:,:,:,:,:,:,:,:,:,:,:,:,:,"1,987","1,987","1,987","1,987","1,987","1,987","1,987","1,987","1,987","1,987","1,987"
Pforzheim,:,:,:,:,:,:,:,:,:,:,:,:,:,:,:,:,:,:,:,:,:,:,:,672,672,672,672,672,672,672,672,672,672,672
Ingolstadt,:,:,:,:,:,:,:,:,:,:,:,:,:,:,:,:,:,:,:,:,:,:,:,"2,827","2,827","2,827","2,827","2,827","2,827","2,827","2,827","2,827","2,827","2,827"
Reutlingen,:,:,:,:,:,:,:,:,:,:,:,:,:,:,:,:,:,:,:,:,:,:,:,"1,092","1,092","1,092","1,092","1,092","1,092","1,092","1,092","1,092","1,092","1,092"
Siegen,:,:,:,:,:,:,:,:,:,:,:,:,:,:,:,:,:,:,:,:,:,:,:,"1,773","1,773","1,773","1,773","1,773","1,773","1,773","1,773","1,773","1,773","1,773"
Hildesheim,:,:,:,:,:,:,:,:,:,:,:,:,:,:,:,:,:,:,:,:,:,:,:,"1,204","1,204","1,204","1,204","1,204","1,204","1,204","1,204","1,204","1,204","1,204"
Zwickau,:,:,:,:,:,:,:,:,:,:,:,:,:,:,:,:,:,:,:,:,:,:,:,949,949,949,949,949,949,949,949,949,949,949
Wuppertal,:,:,:,:,:,:,:,:,:,:,:,:,:,:,:,:,:,:,:,:,:,:,:,168,168,168,168,168,168,168,168,168,168,168
Düren,:,:,:,:,:,:,:,:,:,:,:,:,:,:,:,:,:,:,:,:,:,:,:,:,:,:,:,:,934,934,934,934,934,934
Bocholt,:,:,:,:,:,:,:,:,:,:,:,:,:,:,:,:,:,:,:,:,:,:,:,:,:,:,:,:,"1,419","1,419","1,419","1,419","1,419","1,419"
Tallinn,"4,332","4,332","4,332","4,332","4,332","4,332","4,332","4,332","4,332","4,332","4,332","4,333","4,333","4,333","4,333","4,333.10","4,333","4,333","4,333","4,333","4,333","4,333","4,333","4,338","4,338","4,338","4,338","4,338","4,338","4,338","4,338","4,275","4,275","4,275"
Dublin,"6,947.20","6,947.20","6,947.20","6,947.20","6,947.20","6,947.20","6,947.20","6,947.20","6,947.20","6,947.20","6,947.20","6,947.20","6,947.20","6,947.20","6,947.20","6,947","6,947","6,947","6,947","6,947","6,947","6,947","6,947","6,953","6,953","6,953","6,953","6,953","7,778","7,778","7,778","7,778","7,778","7,778"
Cork,"12,117.70","12,117.70","12,117.70","12,117.70","12,117.70","12,117.70","12,117.70","12,117.70","12,117.70","12,117.70","12,117.70","12,117.70","12,117.70","12,117.70","12,117.70","12,118","12,118","12,118","12,118","12,118","12,118","12,118","12,118","12,135","12,135","12,135","12,135","12,135","12,135","12,135","12,135","12,135","12,135","12,135"
Athina,"3,806","3,806","3,806","3,806","3,806","3,806","3,806","3,806","3,806","3,806","3,806","3,806","3,806","3,806","3,806","3,806","3,806","3,806","3,806","3,806","3,806",:,:,"3,788","3,788","3,788","3,788","3,788","2,785","2,785","2,785","2,785","2,785","2,785"
Thessaloniki,"3,549","3,549","3,549","3,549","3,549","3,549","3,549","3,549","3,549","3,549","3,549","3,549","3,549","3,549","3,549","3,549","3,549","3,549","3,549","3,549","3,549",:,:,"3,555","3,555","3,555","3,555","3,555","3,555","3,555","3,555","3,555","3,555","3,555"
Madrid,:,:,:,:,:,:,:,:,:,:,:,:,:,:,:,:,:,"7,961","7,961","7,961","7,961","7,961","7,961","7,972","7,972","7,972","7,972","7,972","7,972","7,972","7,972","7,972","7,972","7,972"
Barcelona,:,:,:,:,:,:,:,:,:,:,:,:,:,:,:,:,:,"7,716.90","7,716.90","7,716.90","7,716.90","7,716.90","7,716.90","7,715","7,715","7,715","7,715","7,715","7,715","7,715","7,715","7,715","7,715","7,715"
Valencia,:,:,:,:,:,:,:,:,:,:,:,:,:,:,:,:,:,"10,693","10,693","10,693","10,693","10,693","10,693","10,747","10,747","10,747","10,747","10,747","10,747","10,747","10,747","10,747","10,747","10,747"
Sevilla,:,:,:,:,:,:,:,:,:,:,:,:,:,:,:,:,:,"13,851.20","13,851.20","13,851.20","13,851.20","13,851.20","13,851.20","13,879","13,879","13,879","13,879","13,879","13,879","13,879","13,879","13,879","13,879","13,879"
Zaragoza,:,:,:,:,:,:,:,:,:,:,:,:,:,:,:,:,:,"17,114.90","17,114.90","17,114.90","17,114.90","17,114.90","17,114.90","17,125","17,125","17,125","17,125","17,125","17,125","17,125","17,125","17,125","17,125","17,125"
Málaga - Marbella,:,:,:,:,:,:,:,:,:,:,:,:,:,:,:,:,:,"7,261.30","7,261.30","7,261.30","7,261.30","7,261.30","7,261.30","7,264","7,264","7,264","7,264","7,264","7,264","7,264","7,264","7,264","7,264","7,264"
Murcia - Cartagena,:,:,:,:,:,:,:,:,:,:,:,:,:,:,:,:,:,"11,290.30","11,290.30","11,290.30","11,290.30","11,290.30","11,290.30","11,302","11,302","11,302","11,302","11,302","11,302","11,302","11,302","11,302","11,302","11,302"
Las Palmas,:,:,:,:,:,:,:,:,:,:,:,:,:,:,:,:,:,"1,560.10","1,560.10","1,560.10","1,560.10","1,560.10","1,560.10","1,556","1,556","1,556","1,556","1,556","1,556","1,556","1,556","1,556","1,556","1,556"
Valladolid,:,:,:,:,:,:,:,:,:,:,:,:,:,:,:,:,:,"8,066.10","8,066.10","8,066.10","8,066.10","8,066.10","8,066.10","8,092","8,092","8,092","8,092","8,092","8,092","8,092","8,092","8,092","8,092","8,092"
Palma de Mallorca,:,:,:,:,:,:,:,:,:,:,:,:,:,:,:,:,:,"3,640.20","3,640.20","3,640.20","3,640.20","3,640.20","3,640.20","3,633","3,633","3,633","3,633","3,633","3,633","3,633","3,633","3,633","3,633","3,633"
Vitoria/Gasteiz,:,:,:,:,:,:,:,:,:,:,:,:,:,:,:,:,:,"3,010.80","3,010.80","3,010.80","3,010.80","3,010.80","3,010.80","3,012","3,012","3,012","3,012","3,012","3,012","3,012","3,012","3,012","3,012","3,012"
Oviedo - Gijón,:,:,:,:,:,:,:,:,:,:,:,:,:,:,:,:,:,"10,576.30","10,576.30","10,576.30","10,576.30","10,576.30","10,576.30","10,565","10,565","10,565","10,565","10,565","10,565","10,565","10,565","10,565","10,565","10,565"
Pamplona/Iruña,:,:,:,:,:,:,:,:,:,:,:,:,:,:,:,:,:,"10,350.50","10,350.50","10,350.50","10,350.50","10,350.50","10,350.50","10,347","10,347","10,347","10,347","10,347","10,347","10,347","10,347","10,347","10,347","10,347"
Santander,:,:,:,:,:,:,:,:,:,:,:,:,:,:,:,:,:,"5,261.10","5,261.10","5,261.10","5,261.10","5,261.10","5,261.10","5,268","5,268","5,268","5,268","5,268","5,268","5,268","5,268","5,268","5,268","5,268"
Bilbao,:,:,:,:,:,:,:,:,:,:,:,:,:,:,:,:,:,"2,212.70","2,212.70","2,212.70","2,212.70","2,212.70","2,212.70","2,205","2,205","2,205","2,205","2,205","2,205","2,205","2,205","2,205","2,205","2,205"
Córdoba,:,:,:,:,:,:,:,:,:,:,:,:,:,:,:,:,:,:,:,:,:,:,:,:,:,:,:,:,"13,627","13,627","13,627","13,627","13,627","13,627"
Alicante/Alacant - Elche/Elx,:,:,:,:,:,:,:,:,:,:,:,:,:,:,:,:,:,"5,737.80","5,737.80","5,737.80","5,737.80","5,737.80","5,737.80","5,767","5,767","5,767","5,767","5,767","5,767","5,767","5,767","5,767","5,767","5,767"
Vigo,:,:,:,:,:,:,:,:,:,:,:,:,:,:,:,:,:,"4,461","4,461","4,461","4,461","4,461","4,461","4,463","4,463","4,463","4,463","4,463","4,463","4,463","4,463","4,463","4,463","4,463"
Santa Cruz de Tenerife,:,:,:,:,:,:,:,:,:,:,:,:,:,:,:,:,:,"2,034.40","2,034.40","2,034.40","2,034.40","2,034.40","2,034.40","2,030","2,030","2,030","2,030","2,030","2,030","2,030","2,030","2,030","2,030","2,030"
A Coruña,:,:,:,:,:,:,:,:,:,:,:,:,:,:,:,:,:,"7,879.70","7,879.70","7,879.70","7,879.70","7,879.70","7,879.70","7,892","7,892","7,892","7,892","7,892","7,892","7,892","7,892","7,892","7,892","7,892"
Granada,:,:,:,:,:,:,:,:,:,:,:,:,:,:,:,:,:,"12,598.80","12,598.80","12,598.80","12,598.80","12,598.80","12,598.80","12,601","12,601","12,601","12,601","12,601","12,601","12,601","12,601","12,601","12,601","12,601"
Guipúzcoa,:,:,:,:,:,:,:,:,:,:,:,:,:,:,:,:,:,:,:,:,:,:,:,:,:,:,:,:,"1,973","1,973","1,973","1,973","1,973","1,973"
Cádiz,:,:,:,:,:,:,:,:,:,:,:,:,:,:,:,:,:,:,:,:,:,:,:,:,:,:,:,:,"7,312","7,312","7,312","7,312","7,312","7,312"
Paris,:,:,:,:,:,:,:,:,:,:,:,:,:,:,:,:,:,:,:,:,:,:,:,"11,952","11,952","11,952","11,952","11,952","11,952","11,952","11,952","11,952","11,952","11,952"
Lyon,:,:,:,:,:,:,:,:,:,:,:,:,:,:,:,:,:,:,:,:,:,:,:,"3,228","3,228","3,228","3,228","3,228","3,228","3,228","3,228","3,228","3,228","3,228"
Toulouse,:,:,:,:,:,:,:,:,:,:,:,:,:,:,:,:,:,:,:,:,:,:,:,"6,325","6,325","6,325","6,325","6,325","6,325","6,325","6,325","6,325","6,325","6,325"
Strasbourg,:,:,:,:,:,:,:,:,:,:,:,:,:,:,:,:,:,:,:,:,:,:,:,"4,753","4,753","4,753","4,753","4,753","4,753","4,753","4,753","4,753","4,753","4,753"
Bordeaux,:,:,:,:,:,:,:,:,:,:,:,:,:,:,:,:,:,:,:,:,:,:,:,"9,891","9,891","9,891","9,891","9,891","9,891","9,891","9,891","9,891","9,891","9,891"
Nantes,:,:,:,:,:,:,:,:,:,:,:,:,:,:,:,:,:,:,:,:,:,:,:,"6,827","6,827","6,827","6,827","6,827","6,827","6,827","6,827","6,827","6,827","6,827"
Lille - Dunkerque - Valenciennes,:,:,:,:,:,:,:,:,:,:,:,:,:,:,:,:,:,:,:,:,:,:,:,"5,729","5,729","5,729","5,729","5,729","5,729","5,729","5,729","5,729","5,729","5,729"
Montpellier,:,:,:,:,:,:,:,:,:,:,:,:,:,:,:,:,:,:,:,:,:,:,:,"6,072","6,072","6,072","6,072","6,072","6,072","6,072","6,072","6,072","6,072","6,072"
Saint-Etienne,:,:,:,:,:,:,:,:,:,:,:,:,:,:,:,:,:,:,:,:,:,:,:,"4,757","4,757","4,757","4,757","4,757","4,757","4,757","4,757","4,757","4,757","4,757"
Rennes,:,:,:,:,:,:,:,:,:,:,:,:,:,:,:,:,:,:,:,:,:,:,:,"6,812","6,812","6,812","6,812","6,812","6,812","6,812","6,812","6,812","6,812","6,812"
Amiens,:,:,:,:,:,:,:,:,:,:,:,:,:,:,:,:,:,:,:,:,:,:,:,"6,144","6,144","6,144","6,144","6,144","6,144","6,144","6,144","6,144","6,144","6,144"
Rouen,:,:,:,:,:,:,:,:,:,:,:,:,:,:,:,:,:,:,:,:,:,:,:,"6,261","6,261","6,261","6,261","6,261","6,261","6,261","6,261","6,261","6,261","6,261"
Nancy,:,:,:,:,:,:,:,:,:,:,:,:,:,:,:,:,:,:,:,:,:,:,:,"5,243","5,243","5,243","5,243","5,243","5,243","5,243","5,243","5,243","5,243","5,243"
Reims,:,:,:,:,:,:,:,:,:,:,:,:,:,:,:,:,:,:,:,:,:,:,:,"8,130","8,130","8,130","8,130","8,130","8,130","8,130","8,130","8,130","8,130","8,130"
Orléans,:,:,:,:,:,:,:,:,:,:,:,:,:,:,:,:,:,:,:,:,:,:,:,"6,755","6,755","6,755","6,755","6,755","6,755","6,755","6,755","6,755","6,755","6,755"
Dijon,:,:,:,:,:,:,:,:,:,:,:,:,:,:,:,:,:,:,:,:,:,:,:,"8,763","8,763","8,763","8,763","8,763","8,763","8,763","8,763","8,763","8,763","8,763"
Poitiers,:,:,:,:,:,:,:,:,:,:,:,:,:,:,:,:,:,:,:,:,:,:,:,"7,014","7,014","7,014","7,014","7,014","7,014","7,014","7,014","7,014","7,014","7,014"
Clermont-Ferrand,:,:,:,:,:,:,:,:,:,:,:,:,:,:,:,:,:,:,:,:,:,:,:,"7,998","7,998","7,998","7,998","7,998","7,998","7,998","7,998","7,998","7,998","7,998"
Caen,:,:,:,:,:,:,:,:,:,:,:,:,:,:,:,:,:,:,:,:,:,:,:,"5,599","5,599","5,599","5,599","5,599","5,599","5,599","5,599","5,599","5,599","5,599"
Limoges,:,:,:,:,:,:,:,:,:,:,:,:,:,:,:,:,:,:,:,:,:,:,:,"5,529","5,529","5,529","5,529","5,529","5,529","5,529","5,529","5,529","5,529","5,529"
Besançon,:,:,:,:,:,:,:,:,:,:,:,:,:,:,:,:,:,:,:,:,:,:,:,"5,236","5,236","5,236","5,236","5,236","5,236","5,236","5,236","5,236","5,236","5,236"
Grenoble,:,:,:,:,:,:,:,:,:,:,:,:,:,:,:,:,:,:,:,:,:,:,:,"7,811","7,811","7,811","7,811","7,811","7,811","7,811","7,811","7,811","7,811","7,811"
Fort-de-France,:,:,:,:,:,:,:,:,:,:,:,:,:,:,:,:,:,:,:,:,:,:,:,:,:,:,:,:,"1,102","1,102","1,102","1,102","1,102","1,102"
Tours,:,:,:,:,:,:,:,:,:,:,:,:,:,:,:,:,:,:,:,:,:,:,:,"6,100","6,100","6,100","6,100","6,100","6,100","6,100","6,100","6,100","6,100","6,100"
Angers,:,:,:,:,:,:,:,:,:,:,:,:,:,:,:,:,:,:,:,:,:,:,:,"7,176","7,176","7,176","7,176","7,176","7,176","7,176","7,176","7,176","7,176","7,176"
Brest,:,:,:,:,:,:,:,:,:,:,:,:,:,:,:,:,:,:,:,:,:,:,:,"6,751","6,751","6,751","6,751","6,751","6,751","6,751","6,751","6,751","6,751","6,751"
Le Mans,:,:,:,:,:,:,:,:,:,:,:,:,:,:,:,:,:,:,:,:,:,:,:,"6,234","6,234","6,234","6,234","6,234","6,234","6,234","6,234","6,234","6,234","6,234"
Mulhouse,:,:,:,:,:,:,:,:,:,:,:,:,:,:,:,:,:,:,:,:,:,:,:,"3,511","3,511","3,511","3,511","3,511","3,511","3,511","3,511","3,511","3,511","3,511"
Perpignan,:,:,:,:,:,:,:,:,:,:,:,:,:,:,:,:,:,:,:,:,:,:,:,"4,086","4,086","4,086","4,086","4,086","4,086","4,086","4,086","4,086","4,086","4,086"
Nimes,:,:,:,:,:,:,:,:,:,:,:,:,:,:,:,:,:,:,:,:,:,:,:,"5,792","5,792","5,792","5,792","5,792","5,792","5,792","5,792","5,792","5,792","5,792"
Pau,:,:,:,:,:,:,:,:,:,:,:,:,:,:,:,:,:,:,:,:,:,:,:,"7,665","7,665","7,665","7,665","7,665","7,665","7,665","7,665","7,665","7,665","7,665"
Annecy (FR) / Genève (CH),:,:,:,:,:,:,:,:,:,:,:,:,:,:,:,:,:,:,:,:,:,:,:,"4,571","4,571","4,571","4,571","4,571","4,571","4,571","4,571","4,571","4,571","4,571"
Marseille,:,:,:,:,:,:,:,:,:,:,:,:,:,:,:,:,:,:,:,:,:,:,:,"10,757","10,757","10,757","10,757","10,757","10,757","10,757","10,757","10,757","10,757","10,757"
Nice,:,:,:,:,:,:,:,:,:,:,:,:,:,:,:,:,:,:,:,:,:,:,:,"4,291","4,291","4,291","4,291","4,291","4,291","4,291","4,291","4,291","4,291","4,291"
Les Abymes,:,:,:,:,:,:,:,:,:,:,:,:,:,:,:,:,:,:,:,:,:,:,:,:,:,:,:,:,:,:,:,"1,680","1,680","1,680"
Zagreb,"4,930","4,930","4,930","4,930","4,930","4,930","4,930","4,948","4,948","4,948","4,948","4,948","4,948","4,930","4,930","4,930","4,930","4,930","4,930","4,930","4,930","4,930","4,930","4,897","4,897","4,897","4,897","4,897","4,897","4,897","4,897","4,897","4,897","4,897"
Split,"4,540","4,540","4,540","4,540","4,540","4,540","4,540","4,524","4,524","4,524","4,524","4,524","4,524","4,540","4,540","4,540","4,540","4,540","4,540","4,540","4,540","4,540","4,540","4,508","4,508","4,508","4,508","4,508","4,508","4,508","4,508","4,508","4,508","4,508"
Roma,:,:,"5,256","5,256","5,256","5,256","5,256","5,256","5,255","5,255","5,256","5,256","5,285","5,285","5,285","5,285","5,285","5,285","5,285","5,285","5,285","5,285","5,285","5,280","5,280","5,280","5,280","5,280","5,280","5,280","5,280","5,280","5,280","5,280"
Milano,:,:,:,:,:,:,:,:,:,:,:,:,:,:,:,:,:,:,:,:,:,:,:,"2,730","2,730","2,730","2,730","2,730","2,730","2,730","2,730","2,730","2,730","2,730"
Napoli,:,:,"1,162","1,162","1,162","1,162","1,162","1,162","1,162","1,162","1,162","1,162","1,162","1,162","1,162","1,162","1,162","1,162","1,162","1,162","1,162","1,162","1,162","1,174","1,174","1,174","1,174","1,174","1,174","1,174","1,174","1,174","1,174","1,174"
Torino,:,:,"6,727","6,727","6,727","6,727","6,727","6,727","6,727","6,727","6,727","6,727","6,727","6,727","6,727","6,727","6,727","6,727","6,727","6,727","6,727","6,727","6,727","6,784","6,784","6,784","6,784","6,784","6,784","6,784","6,784","6,784","6,784","6,784"
Palermo,:,:,"4,948","4,948","4,948","4,948","4,948","4,951","4,948","4,948","4,948","4,948","4,948","4,948","4,948","4,948","4,948","4,948","4,948","4,948","4,948","4,948","4,948","4,984","4,984","4,984","4,984","4,984","4,984","4,984","4,984","4,984","4,984","4,984"
Genova,:,:,"1,806","1,808","1,808","1,808","1,808","1,808","1,808","1,808","1,808","1,808","1,808","1,808","1,808","1,808","1,808","1,808","1,808","1,808","1,808","1,808","1,808","1,831","1,831","1,831","1,831","1,831","1,831","1,831","1,831","1,831","1,831","1,831"
Firenze,:,:,"3,474","3,474","3,474","3,474","3,474","3,474","3,474","3,474","3,474","3,474","3,474","3,474","3,474","3,474","3,474","3,474","3,474","3,474","3,474","3,474","3,474","3,490","3,490","3,490","3,490","3,490","3,490","3,490","3,490","3,490","3,490","3,490"
Bari,:,:,:,:,:,:,:,:,:,:,:,:,:,:,:,:,:,:,:,:,:,:,:,"3,862","3,862","3,862","3,862","3,862","3,862","3,862","3,862","3,862","3,862","3,862"
Bologna,:,:,"3,639","3,639","3,639","3,639","3,639","3,639","3,639","3,639","3,639","3,640","3,639","3,639","3,639","3,639","3,639","3,639","3,639","3,639","3,639","3,639","3,639","3,677","3,677","3,677","3,677","3,677","3,677","3,677","3,677","3,677","3,677","3,677"
Catania,:,:,"3,509","3,509","3,509","3,509","3,509","3,509","3,509","3,509","3,509","3,509","3,509","3,509","3,509","3,509","3,509","3,509","3,509","3,509","3,509","3,509","3,509","3,564","3,564","3,564","3,564","3,564","3,564","3,564","3,564","3,564","3,564","3,564"
Venezia,:,:,"2,171","2,171","2,171","2,174","2,174","2,174","2,174","2,174","2,173","2,173","2,177","2,178","2,178","2,178","2,178","2,178","2,178","2,178","2,178","2,178","2,178","1,929","1,929","1,929","1,929","1,929","1,929","1,929","1,929","1,929","1,929","1,929"
Verona,:,:,"2,871","2,871","2,871","2,883","2,883","2,895","2,895","2,895","2,895","2,895","2,895","2,895","2,895","2,895","2,895","2,895","2,895","2,895","2,895","2,895","2,895","2,908","2,908","2,908","2,908","2,908","2,908","2,908","2,908","2,908","2,908","2,908"
Perugia,:,:,:,:,:,:,:,:,:,:,:,:,:,:,:,:,:,:,:,:,:,:,:,:,:,:,:,:,:,:,:,"6,197","6,197","6,197"
Taranto,:,:,"2,425","2,425","2,425","2,425","2,425","2,425","2,425","2,425","2,425","2,425","2,417","2,417","2,417","2,417","2,417","2,417","2,417","2,417","2,417","2,417","2,417","2,445","2,445","2,445","2,445","2,445","2,445","2,445","2,445","2,445","2,445","2,445"
Cagliari,:,:,:,:,:,:,:,:,:,:,:,"4,521.10",:,"4,551.30","4,551.30","4,551.30","4,551.30","4,551.30","4,551.30","4,551.30","4,551.30","4,551.30","4,551.30","4,467","4,467","4,467","4,467","4,467","4,467","4,467","4,467","1,203","1,203","1,203"
Padova,:,:,"2,102","2,102","2,102","2,102","2,102","2,102","2,102","2,102","2,102","2,102","2,102","2,102","2,102","2,102","2,102","2,102","2,102","2,102","2,102","2,102","2,102","2,102","2,102","2,102","2,102","2,102","2,102","2,102","2,102","2,102","2,102","2,102"
Brescia,:,:,"4,479","4,479","4,479","4,479","4,479","4,479","4,479","4,479","4,479","4,479","4,479","4,479","4,479","4,479","4,479","4,479","4,479","4,479","4,479","4,479","4,479","4,533","4,533","4,533","4,533","4,533","4,533","4,533","4,533","4,533","4,533","4,533"
Messina,:,:,"3,164","3,164","3,164","3,164","3,164","3,164","3,164","3,164","3,164","3,164","3,164","3,164","3,164","3,164","3,164","3,164","3,164","3,164","3,164","3,164","3,164","3,259","3,259","3,259","3,259","3,259","3,259","3,259","3,259","3,259","3,259","3,259"
Prato,:,:,361,361,361,361,361,361,361,361,361,361,361,361,361,361,361,361,361,361,361,361,361,365,365,365,365,365,365,365,365,365,365,365
Parma,:,:,"3,329","3,329","3,329","3,329","3,329","3,329","3,329","3,329","3,329","3,329","3,329","3,329","3,329","3,329","3,329","3,329","3,329","3,329","3,329","3,329","3,329","3,429","3,429","3,429","3,429","3,429","3,429","3,429","3,429","3,429","3,429","3,429"
Reggio nell Emilia,:,:,"2,239","2,239","2,239","2,239","2,239","2,239","2,239","2,239","2,239","2,239","2,239","2,239","2,239","2,239","2,239","2,239","2,239","2,239","2,239","2,239","2,239","2,282","2,282","2,282","2,282","2,282","2,282","2,282","2,282","2,282","2,282","2,282"
Bergamo,:,:,"2,652","2,652","2,662","2,652","2,652","2,652","2,652","2,652","2,652","2,652","2,652","2,652","2,652","2,652","2,652","2,652","2,652","2,652","2,652","2,652","2,652","2,710","2,710","2,710","2,710","2,710","2,710","2,710","2,710","2,710","2,710","2,710"
Lefkosia,:,:,:,:,:,:,:,:,:,:,:,:,:,:,:,:,:,:,"9,214","9,214","9,214","9,214","9,214","9,213","9,213","9,213","9,213","9,213","9,213","9,213","9,213","9,213","9,213","9,213"
Riga,256,256,256,256,256,256,256,256,256,256,256,256,256,256,256,256,256,256,246,246,246,247,247,258,258,258,258,258,"10,192","10,192","10,192","10,192","10,192","10,192"
Vilnius,:,:,:,:,:,"9,454","9,454","9,425","9,425","9,425","9,344","9,454","9,454","9,425","9,425","9,425","9,425","9,425","9,425","9,425","9,425","9,425","9,431","9,424","9,424","9,424","9,424","9,424","9,422","9,422","9,422","9,422","9,422","9,422"
Kaunas,:,:,:,:,:,"7,796","7,796","7,825","7,825","7,825","7,906","7,796","7,796","7,825","7,825","7,825","7,825","7,825","7,825","7,825","7,825","7,825","7,825","7,828","7,828","7,828","7,828","7,828","7,827","7,827","7,827","7,827","7,827","7,827"
Luxembourg,"2,586","2,586","2,586","2,586","2,586","2,586","2,586","2,586","2,586","2,586","2,586","2,586","2,586","2,586","2,586","2,586","2,586","2,586","2,586","2,586","2,586","2,586","2,586","2,586","2,586","2,586","2,586","2,586","2,586","2,586","2,586","2,586","2,586","2,586"
Budapest,"6,919","6,919","6,919","6,919","6,919","6,918","6,918","6,918","6,918","6,918","6,918","6,919","6,919","6,919","6,918","6,918","6,918.40","6,918.20","6,915.80",:,:,:,:,"6,791","6,791","6,791","6,791","6,791","6,791","6,791","6,791","6,791","6,791","6,791"
Miskolc,"7,247","7,247","7,247","7,247","7,247","7,247","7,247","7,247","7,247","7,247","7,247","7,247","7,247","7,247","7,247","7,247","7,247.30","7,248.30","7,250",:,:,:,:,"7,187","7,187","7,187","7,187","7,187","7,187","7,187","7,187","7,187","7,187","7,187"
Pécs,"4,487","4,487","4,487","4,487","4,487","4,487","4,430","4,430","4,430","4,430","4,430","4,430","4,430","4,429","4,429","4,430","4,429.50","4,429.60","4,429.60",:,:,:,:,"4,382","4,382","4,382","4,382","4,382","4,382","4,382","4,382","4,382","4,382","4,382"
Debrecen,"6,211","6,211","6,211","6,211","6,211","6,211","6,211","6,211","6,211","6,211","6,211","6,211","6,211","6,211","6,211","6,211","6,210.60","6,210.60","6,210.60",:,:,:,:,"6,098","6,098","6,098","6,098","6,098","6,098","6,098","6,098","6,098","6,098","6,098"
Székesfehérvár,"4,373","4,373","4,373","4,373","4,373","4,373","4,373","4,373","4,373","4,373","4,373","4,359","4,359","4,359","4,359","4,359","4,358.50","4,358.50","4,358.50",:,:,:,:,"4,291","4,291","4,291","4,291","4,291","4,291","4,291","4,291","4,291","4,291","4,291"
Valletta,245.7,245.7,245.7,245.7,245.7,245.7,245.7,245.7,245.7,245.7,245.7,245.7,245.7,245.7,245.7,245.7,245.7,245.7,247,247,247,247,247,245,245,245,245,245,245,245,245,245,245,245
s' Gravenhage,223.1,223.3,223,223,226.1,224.1,224.1,223.9,223.9,223.9,223.8,223.8,255.1,252.9,252.9,253,252.9,252.6,252.6,252.6,252.6,252.6,251.5,259,259,259,259,259,413,413,413,413,413,413
Amsterdam,"3,597.90","3,597.80","3,596.60","3,601.50","3,601.50","3,609.50","3,611.20","3,609.30","3,609.30","3,609.30","3,604.10","3,604.10","3,623.10","3,622.10","3,622.10","3,621","3,622","3,621.30","3,621.40","3,621.40","3,621.40","3,621.40","3,614.60","3,709","3,709","3,709","3,709","3,709","4,188","4,188","4,188","4,188","4,188","4,188"
Rotterdam,:,:,:,:,:,:,:,:,:,:,:,:,:,:,:,:,:,"1,245.90","1,245.90","1,245.90","1,245.90","1,245.90","1,243.30","1,268","1,268","1,268","1,268","1,268","1,691","1,691","1,691","1,691","1,691","1,691"
Utrecht,"1,358.70","1,358.70","1,359.10","1,359.10","1,359.10","1,356.10","1,356.10","1,358.60","1,363.50","1,363.50","1,363.40","1,363.40","1,387.70","1,386.20","1,386.20","1,386","1,386.20","1,385","1,385","1,385","1,385","1,385","1,383.20","1,405","1,405","1,405","1,405","1,405","1,405","1,405","1,405","1,405","1,405","1,405"
Eindhoven,"1,361.60","1,361.60","1,361.60","1,361.60","1,361.60","1,358.20","1,358.20","1,441.60","1,441.70","1,441.70","1,441.50","1,441.40","1,441.40","1,440.20","1,440.20","1,440","1,440.20","1,440.20","1,440.20","1,440.20","1,440.20","1,440.20","1,439.70","1,453","1,453","1,453","1,453","1,453","1,453","1,453","1,453","1,453","1,453","1,453"
Tilburg,"1,015","1,015","1,015","1,015","1,015","1,013.40",995.3,905.2,905.2,905.2,905,905,905,901.6,901.6,902,901.6,901.8,901.8,901.8,901.8,901.8,901.2,909,909,909,909,909,909,909,909,909,909,909
Groningen,"1,238.30","1,238","1,238.40","1,237.90","1,237.90","1,236.90","1,236.90","1,234.30","1,235.10","1,235.10","1,235.30","1,235.30","1,235.30","1,234.30","1,234.30","1,234","1,233.70","1,231.50","1,231.50","1,231.50","1,231.50","1,231.50","1,230.60","1,248","1,248","1,248","1,248","1,248","1,519","1,519","1,519","1,519","1,519","1,519"
Enschede,"1,428.40","1,428.40","1,428.60","1,428.60","1,428.60","1,428.10","1,428.10","1,427.40","1,427.40","1,427.40","1,426.80","1,492.70","1,492.70","1,490.30","1,490.30","1,490","1,490.30","1,489.90","1,489.90","1,489.90","1,489.90","1,489.90","1,489.40","1,502","1,502","1,502","1,502","1,502","1,502","1,502","1,502","1,502","1,502","1,502"
Arnhem - Nijmegen,:,914.4,914.4,914.4,914.4,903.5,903.5,903.1,903.1,903.1,901.9,901.9,901.9,898.8,898.8,902.3,900.5,"1,546.20",900.4,900.4,900.4,900.4,898.8,909,909,909,909,909,909,909,909,909,909,909
Breda,:,:,:,:,:,:,:,:,:,:,:,:,:,:,:,:,:,:,:,:,:,:,:,:,:,:,:,:,"1,235","1,235","1,235","1,235","1,235","1,235"
Leeuwarden,:,:,:,:,:,:,:,:,:,:,:,:,:,:,:,:,:,:,:,:,:,:,:,:,:,:,:,:,"1,570","1,570","1,570","1,570","1,570","1,570"
Leiden,:,:,:,:,:,:,:,:,:,:,:,:,:,:,:,:,:,:,:,:,:,:,:,:,:,:,:,:,285,285,285,285,285,285
Zwolle,:,:,:,:,:,:,:,:,:,:,:,:,:,:,:,:,:,:,:,:,:,:,:,:,:,:,:,:,"1,440","1,440","1,440","1,440","1,440","1,440"
Wien,:,"8,486.70","8,484.20","8,483.20","8,481.40","8,480.70","8,479.60","8,478.70","8,479.50",:,"8,450",:,"8,428.40","8,428.40",:,"8,428.10","8,428.10","8,428.10","8,422.40","8,422.40","8,416.70","8,416.70","8,415","8,522","8,522","8,522","8,522","8,522","8,522","8,522","8,522","8,522","8,522","8,522"
Graz,:,"3,416.60","3,416","3,415.80","3,415.50","3,414.80","3,414.90","3,414.90","3,414.10",:,"3,414.30",:,"3,414.20","3,414.20",:,"3,414.10","3,414.10","3,414.10","3,417.70","3,417.70","3,417.60","3,417.60","3,416","3,437","3,437","3,437","3,437","3,437","3,437","3,437","3,437","3,437","3,437","3,437"
Linz,:,"4,336","4,335.80","4,334.90","4,334.70","4,334.80","4,334.30","4,334.10","4,334.30",:,"4,332.30",:,"4,333.60","4,333.60",:,"4,333.50","4,333.50","4,333.50","4,332.60","4,332.60","4,331.80","4,331.80","4,331","4,330","4,330","4,330","4,330","4,330","4,330","4,330","4,330","4,330","4,330","4,330"
Salzburg,:,"1,679","1,679.30","1,679.30","1,679.80","1,680.60","1,681","1,682.10","1,682.80",:,"1,684.60",:,"1,686","1,686",:,"1,686","1,686","1,686","1,686.30","1,686.30","1,685.80","1,685.80","1,686","1,687","1,687","1,687","1,687","1,687","1,687","1,687","1,687","1,687","1,687","1,687"
Innsbruck,:,"2,074.90","2,074.60","2,074.70","2,074.60","2,080.50","2,080.50","2,080.60","2,080.70",:,"2,080.70",:,"2,080.50","2,080.50",:,"2,080.30","2,080.30","2,080.30","2,079.40","2,079.40","2,079.40","2,079.40","2,079","2,079","2,079","2,079","2,079","2,079","2,079","2,079","2,079","2,079","2,079","2,079"
Warszawa,:,:,:,:,:,:,:,:,:,:,:,:,:,:,:,:,:,:,:,:,:,:,:,"9,792","9,792","9,792","9,792","9,792","6,013","6,013","6,013","6,013","6,013","6,013"
Lódz,:,:,:,:,:,:,:,:,:,:,:,:,:,:,:,:,:,:,:,:,:,:,:,"2,493","2,493","2,493","2,493","2,493","2,493","2,493","2,493","2,493","2,493","2,493"
Kraków,:,:,:,:,:,:,:,:,:,:,:,:,:,:,:,:,:,:,:,:,:,:,:,"4,347","4,347","4,347","4,347","4,347","4,347","4,347","4,347","4,347","4,347","4,347"
Wroclaw,:,:,:,:,:,:,:,:,:,:,:,:,:,:,:,:,:,:,:,:,:,:,:,286,286,286,286,286,286,286,286,286,286,286
Poznan,:,:,:,:,:,:,:,:,:,:,:,:,:,:,:,:,:,:,:,:,:,:,:,"5,129","5,129","5,129","5,129","5,129","5,129","5,129","5,129","5,129","5,129","5,129"
Gdansk,:,:,:,:,:,:,:,:,:,:,:,:,:,:,:,:,:,:,:,:,:,:,:,"4,605","4,605","4,605","4,605","4,605","4,605","4,605","4,605","4,605","4,605","4,605"
Szczecin,:,:,:,:,:,:,:,:,:,:,:,:,:,:,:,:,:,:,:,:,:,:,:,233,233,233,233,233,233,233,233,233,233,233
Bydgoszcz - Torún,:,:,:,:,:,:,:,:,:,:,:,:,:,:,:,:,:,:,:,:,:,:,:,"2,848","2,848","2,848","2,848","2,848","2,848","2,848","2,848","2,848","2,848","2,848"
Lublin,:,:,:,:,:,:,:,:,:,:,:,:,:,:,:,:,:,:,:,:,:,:,:,"4,184","4,184","4,184","4,184","4,184","4,184","4,184","4,184","4,184","4,184","4,184"
Katowice,:,:,:,:,:,:,:,:,:,:,:,:,:,:,:,:,:,:,:,:,:,:,:,"5,486","5,486","5,486","5,486","5,486","5,486","5,486","5,486","5,486","5,486","5,486"
Bialystok,:,:,:,:,:,:,:,:,:,:,:,:,:,:,:,:,:,:,:,:,:,:,:,"5,117","5,117","5,117","5,117","5,117","5,117","5,117","5,117","5,117","5,117","5,117"
Kielce,:,:,:,:,:,:,:,:,:,:,:,:,:,:,:,:,:,:,:,:,:,:,:,"5,012","5,012","5,012","5,012","5,012","5,012","5,012","5,012","5,012","5,012","5,012"
Olsztyn,:,:,:,:,:,:,:,:,:,:,:,:,:,:,:,:,:,:,:,:,:,:,:,"9,986","9,986","9,986","9,986","9,986","9,986","9,986","9,986","9,986","9,986","9,986"
Rzeszów,:,:,:,:,:,:,:,:,:,:,:,:,:,:,:,:,:,:,:,:,:,:,:,"3,542","3,542","3,542","3,542","3,542","3,542","3,542","3,542","3,542","3,542","3,542"
Opole,:,:,:,:,:,:,:,:,:,:,:,:,:,:,:,:,:,:,:,:,:,:,:,"5,270","5,270","5,270","5,270","5,270","5,270","5,270","5,270","5,270","5,270","5,270"
Czestochowa,:,:,:,:,:,:,:,:,:,:,:,:,:,:,:,:,:,:,:,:,:,:,:,"3,037","3,037","3,037","3,037","3,037","3,037","3,037","3,037","3,037","3,037","3,037"
Radom,:,:,:,:,:,:,:,:,:,:,:,:,:,:,:,:,:,:,:,:,:,:,:,"5,713","5,713","5,713","5,713","5,713","5,713","5,713","5,713","5,713","5,713","5,713"
Bielsko-Biala,:,:,:,:,:,:,:,:,:,:,:,:,:,:,:,:,:,:,:,:,:,:,:,"2,308","2,308","2,308","2,308","2,308","2,308","2,308","2,308","2,308","2,308","2,308"
Tarnów,:,:,:,:,:,:,:,:,:,:,:,:,:,:,:,:,:,:,:,:,:,:,:,"2,576","2,576","2,576","2,576","2,576","2,576","2,576","2,576","2,576","2,576","2,576"
Lisboa,:,:,:,:,:,:,:,:,:,:,:,:,:,:,:,:,:,:,:,:,:,:,:,"2,810","2,810","2,810","2,810","2,810","2,810","2,810","2,810","2,810","2,810","2,810"
Porto,:,:,:,:,:,:,:,:,:,:,:,:,:,:,:,:,:,:,:,:,:,:,:,"2,027","2,027","2,027","2,027","2,027","2,027","2,027","2,027","2,027","2,027","2,027"
Coimbra,:,:,:,:,:,:,:,:,:,:,:,:,:,:,:,:,:,:,:,:,:,:,:,"4,296","4,296","4,296","4,296","4,296","4,296","4,296","4,296","4,296","4,296","4,296"
Bucuresti,"1,756.50","1,756.50","1,756.50","1,756.20","1,757","1,757","1,757","1,757","1,757","1,757","1,757","1,757","1,757","1,757","1,757","1,757","1,757.40","1,757.60","1,759","1,759","1,759.20","1,759","1,758.40","1,754","1,754","1,754","1,754","1,754","1,754","1,754","1,754","1,754","1,754","1,754"
Cluj-Napoca,"6,582.10","6,582.10","6,582.10","6,582.10","6,585","6,585","6,585","6,585","6,585","6,585","6,585","6,585","6,585","6,585","6,585","6,585","6,585.20","6,584.80","6,585","6,586.10","6,586.10","6,584.20","6,584.20","6,633","6,633","6,633","6,633","6,633","6,633","6,633","6,633","6,633","6,633","6,633"
Timisoara,"8,539.50","8,539.30","8,538.60","8,538.70","8,540","8,540","8,540","8,540","8,540","8,540","8,540","8,540","8,540","8,540","8,540","8,540","8,538.90","8,539.30","8,539","8,537.40","8,542.60","8,539.30","8,545.20","8,647","8,647","8,647","8,647","8,647","8,647","8,647","8,647","8,647","8,647","8,647"
Craiova,"7,162.10","7,162.10","7,162.10","7,161.70","7,206","7,206","7,206","7,206","7,206","7,206","7,206","7,206","7,206","7,206","7,206","7,206","7,206.40","7,206.30","7,206","7,206.30","7,209.60","7,206.30","7,206.30","7,276","7,276","7,276","7,276","7,276","7,276","7,276","7,276","7,276","7,276","7,276"
Constanta,"6,584.90","6,584.90","6,582.70","6,582.50","6,613","6,613","6,613","6,613","6,613","6,613","6,613","6,613","6,613","6,613","6,613","6,613","6,615.60","6,615.30","6,616","6,615.60","6,639.30","6,639.30","6,639.30","6,738","6,738","6,738","6,738","6,738","6,738","6,738","6,738","6,738","6,738","6,738"
Iasi,"5,334.50","5,344.50","5,343.80","5,343.80","5,352","5,352","5,352","5,352","5,352","5,352","5,352","5,352","5,352","5,352","5,352","5,352","5,351.90","5,337.10","5,337","5,336.70","5,336.70","5,336.70","5,336.70","5,399","5,399","5,399","5,399","5,399","5,399","5,399","5,399","5,399","5,399","5,399"
Galati,"4,335.50","4,335.50","4,335.50","4,336","4,336","4,336","4,336","4,336","4,336","4,336","4,336","4,336","4,336","4,336","4,336","4,332","4,332.20","4,331.90","4,332","4,332.20","4,332.20","4,332.20","4,332.20","4,375","4,375","4,375","4,375","4,375","4,375","4,375","4,375","4,375","4,375","4,375"
Brasov,"5,296.60","5,296.60","5,296.60","5,296.60","5,297","5,297","5,297","5,297","5,297","5,297","5,297","5,297","5,297","5,297","5,297","5,296","5,296.60","5,306.70","5,307","5,306.80","5,306.80","5,303.60","5,296.90","5,334","5,334","5,334","5,334","5,334","5,334","5,334","5,334","5,334","5,334","5,334"
Ploiesti,"4,619.40","4,619.40","4,619.40","4,619.40","4,621","4,621","4,621","4,621","4,621","4,621","4,621","4,621","4,621","4,621","4,621","4,626","4,625.30","4,625.40","4,628","4,629.60","4,631.60","4,634.20","4,632","4,681","4,681","4,681","4,681","4,681","4,681","4,681","4,681","4,681","4,681","4,681"
Ljubljana,:,:,:,:,:,:,:,:,:,:,:,:,:,:,:,:,:,:,:,:,:,:,:,"2,328","2,328","2,328","2,328","2,328","2,328","2,328","2,328","2,328","2,328","2,328"
Maribor,:,:,:,:,:,:,:,:,:,:,:,:,:,:,:,:,:,:,:,:,:,:,:,"2,144","2,144","2,144","2,144","2,144","2,144","2,144","2,144","2,144","2,144","2,144"
Bratislava,:,:,:,:,:,:,:,"2,053","2,053","2,053","2,053","2,053","2,053","2,052","2,052","2,052","2,052.60","2,052.60","2,053","2,052.70","2,052.60","2,052.50","2,053","2,021","2,021","2,021","2,021","2,021","2,021","2,021","2,021","2,021","2,021","2,021"
Kosice,:,:,:,:,:,:,:,"6,753","6,753","6,753","6,753","6,753","6,751","6,752","6,752","6,752","6,751.90","6,751.90","6,752","6,754.60","6,754.90","6,754.50","6,754","6,699","6,699","6,699","6,699","6,699","6,699","6,699","6,699","6,699","6,699","6,699"
Helsinki,"9,112.50","9,112.50","9,112.50","9,112.50","9,112.50","9,112.50","9,112.50","9,112.50","9,112.50","9,112.50","9,112.50","9,112.50","9,112.50","9,112.50","9,112.50","9,112.50","9,132.10","9,131.70","9,132.10","9,131.40","9,096.90","9,096.50","9,096.40","9,097","9,097","9,097","9,097","9,097","9,097","9,097","9,097","9,097","9,097","9,097"
Tampere,"12,633.10","12,208","12,208","12,208","12,207.80","12,207.80","12,207.80","12,207.90","12,207.90","12,207.90","12,207.90","12,208.30","12,208.30","12,208.30","12,208.30","12,208.30","12,190","12,446.30","12,446.70","12,446.50","12,446.50","12,446.30","12,446.30","12,585","12,585","12,585","12,585","12,585","12,585","12,585","12,585","12,585","12,585","12,585"
Turku,"10,624.20","10,624.20","10,624.20","10,624.20","10,624.30","10,624.30","10,624.30","10,623.90","10,623.90","10,623.90","10,623.90","10,623.70","10,623.70","10,623.70","10,623.50","10,623.50","10,666","10,663.80","10,663.50","10,663","10,662.90","10,661.60","10,660.70","10,663","10,663","10,663","10,663","10,663","10,663","10,663","10,663","10,663","10,663","10,663"
Stockholm,:,:,"6,490.10","6,490.10","6,490.10","6,490","6,490","6,490","6,490","6,490","6,519.30","6,519.30","6,519.30","6,519.30","6,519.30","6,519","6,519.30","6,519.30","6,519.30","6,519.30","6,519.30","6,519.30","6,526","6,524","6,524","6,524","6,524","6,524","6,524","6,524","6,524","6,524","6,524","6,524"
Göteborg,:,:,"23,941.60","23,941.60","23,941.60","23,941.60","23,941.60","23,941.60","23,941.60","23,941.60","23,956.10","23,956.10","23,956.10","23,956.10","23,956.10","23,956","23,956.10","23,956.10","23,956.10","23,956.10","23,956.10","23,956.10","23,797","23,799","23,799","23,799","23,799","23,799","23,799","23,799","23,799","23,799","23,799","23,799"
Malmö,:,:,"11,027.10","11,027.10","11,027.10","11,027.10","11,027.10","11,027.10","11,027.10","11,027.10","11,035.40","11,035.40","11,035.40","11,035.40","11,035.40","11,035","11,035.40","11,035.40","11,035.40","11,035.40","11,035.40","11,035.40","10,969","10,967","10,967","10,967","10,967","10,967","10,967","10,967","10,967","10,967","10,967","10,967"
Uppsala,:,:,"8,158.30","8,158.40","8,158.40","8,158.40","8,158.50","8,158.50","8,158.50","8,158.50","8,208.50","8,208.50","8,208.50","8,208.50","8,208.50","8,208.50","8,208.50","8,208.50","8,208.40","8,208.40","8,208.40","8,208.40","8,192","8,189","8,189","8,189","8,189","8,189","8,189","8,189","8,189","8,189","8,189","8,189"
Oslo,"5,014","5,014","5,014","5,014","5,014","5,014","5,014","5,014","5,014","5,014","5,014","5,014","5,014","5,014","5,005","5,005","5,005","5,005","5,047","5,047","5,047","5,047","5,005","5,066","5,066","5,066","5,066","5,066","5,066","5,066","5,066",426,426,426
Bergen,"23,515","23,515","23,515","23,515","23,515","23,515","23,515","23,515","23,515","23,515","23,515","23,515","23,515","23,515","23,141","23,141","23,141","23,141","23,159","23,159","23,159","23,159","23,114","23,638","23,638","23,638","23,638","23,638","23,638","23,638","23,638","31,969","31,969","31,969"
Trondheim,:,:,:,:,:,:,:,:,:,:,:,:,:,:,:,:,:,:,:,:,:,:,:,:,:,:,:,:,:,:,:,"39,493","39,493","39,493"
Stavanger,:,:,:,:,:,:,:,:,:,:,:,:,:,:,:,:,:,:,:,:,:,:,:,:,:,:,:,:,:,:,:,"8,576","8,576","8,576"
Zürich,"1,660.90","1,660.90","1,660.90","1,660.90","1,660.90","1,660.90","1,660.90","1,660.90","1,660.90","1,660.90","1,660.90","1,660.90","1,660.90","1,660.90","1,660.90","1,661","1,660.90","1,661","1,661","1,661","1,661","1,661","1,661","1,654","1,654","1,654","1,654","1,654","1,654","1,654","1,654","1,654","1,654","1,654"
Genève,245.7,245.7,245.7,245.7,245.6,245.6,245.6,245.6,245.6,245.6,245.7,245.7,245.7,245.6,245.6,246,245.8,245.8,245.8,245.8,245.8,245.8,245.8,243,243,243,243,243,243,243,243,243,243,243
Basel,:,:,:,:,:,:,:,:,:,:,:,:,:,:,:,:,:,:,:,:,:,:,:,"1,354","1,354","1,354","1,354","1,354","1,354","1,354","1,354","1,354","1,354","1,354"
Bern,"5,932.50","5,932.50","5,932.50","5,932.50","5,841.20","5,841.20","5,842.80","5,842.80","5,840.80","5,840.80","5,841","5,841","5,841","5,841.20","5,841.20","5,841","5,841.20","5,841.20","5,841.20","5,841.20","5,841.20","5,841.20","5,841.20","5,823","5,823","5,823","5,823","5,823","5,823","5,823","5,823","5,823","5,823","5,823"
Lausanne,"2,822.40","2,822.40","2,822.40","2,822.40","2,822.70","2,822.70","2,822.50","2,822.50","2,822.50","2,822.50","2,822.60","2,822.60","2,822.60","2,822.70","2,822.70","2,823","2,822.70","2,822.70","2,822.70","2,822.70","2,822.70","2,822.70","2,822.70","2,819","2,819","2,819","2,819","2,819","2,819","2,819","2,819","2,819","2,819","2,819"
St. Gallen,:,:,:,:,:,:,:,:,:,:,:,:,:,:,:,:,:,:,:,:,:,:,:,:,:,:,:,:,:,:,:,"2,190","2,190","2,190"
Lucerne,:,:,:,:,:,:,:,:,:,:,:,:,:,:,:,:,:,:,:,:,:,:,:,:,:,:,:,:,:,:,:,"1,669","1,669","1,669"
London,"10,018.30","10,018.30","10,018.30","10,018.30","10,018.30","10,018.30","10,018.30","10,018.30","10,018.30","10,018.30","10,018.30","10,018.30","10,018.30","10,018.30","10,018.30","10,018.30","10,018.30","10,018.30","10,018.30","10,018.30","10,018.30","10,018.30","10,018.30","10,018","10,018","10,018","10,018","10,018","10,018","10,018","10,018","10,018","10,018","10,018"
West Midlands urban area,803.1,803.1,803.1,803.1,803.1,803.1,803.1,803.1,803.1,803.1,803.1,803.1,803.1,803.1,803.1,803.1,803.1,803.1,803.1,803.1,803.1,803.1,803.1,803,803,803,803,803,803,803,803,803,803,803
Leeds,890.3,890.3,890.3,890.3,890.3,890.3,890.3,890.3,890.3,890.3,890.3,890.3,890.3,890.3,890.3,890.3,890.3,890.3,890.3,890.3,890.3,890.3,890.3,891,891,891,891,891,"8,929","8,929","8,929","8,929","8,929","8,929"
Glasgow,"3,699.30","3,699.30","3,699.30","3,699.30","3,699.30","3,699.30","3,699.30","3,699.30","3,699.30","3,699.30","3,699.30","3,699.30","3,699.30","3,699.30","3,699.30","3,699.30","3,699.30","3,699.30","3,699.30","3,699.30","3,699.30","3,699.30","3,699.30","3,696","3,696","3,696","3,696","3,696","3,696","3,696","3,696","3,696","3,696","3,696"
Bradford,366.4,366.4,366.4,366.4,366.4,366.4,366.4,366.4,366.4,366.4,366.4,366.4,366.4,366.4,366.4,366.4,366.4,366.4,366.4,366.4,366.4,366.4,366.4,366,366,366,366,366,366,366,366,366,366,366
Liverpool,724,724,724,724,724,724,724,724,724,724,724,724,724,724,724,724,724,724,724,724,724,724,724,724,724,724,724,724,"1,276","1,276","1,276","3,517","3,517","3,517"
Edinburgh,"1,723.90","1,723.90","1,723.90","1,723.90","1,723.90","1,723.90","1,723.90","1,723.90","1,723.90","1,723.90","1,723.90","1,723.90","1,723.90","1,723.90","1,723.90","1,723.90","1,723.90","1,723.90","1,723.90","1,723.90","1,723.90","1,723.90","1,723.90","1,724","1,724","1,724","1,724","1,724","1,724","1,724","1,724","1,724","1,724","1,724"
Manchester,"3,320.80","3,320.80","3,320.80","3,320.80","3,320.80","3,320.80","3,320.80","3,320.80","3,320.80","3,320.80","3,320.80","3,320.80","3,320.80","3,320.80","3,320.80","3,320.80","3,320.80","3,320.80","3,320.80","3,320.80","3,320.80","3,320.80","3,320.80","3,321","3,321","3,321","3,321","3,321","4,487","4,487","4,487","4,487","4,487","4,487"
Cardiff,"1,518.70","1,518.70","1,518.70","1,518.70","1,518.70","1,518.70","1,518.70","1,518.70","1,518.70","1,518.70","1,518.70","1,518.70","1,518.70","1,518.70","1,518.70","1,518.70","1,518.70","1,518.70","1,518.70","1,518.70","1,518.70","1,518.70","1,518.70","1,520","1,520","1,520","1,520","1,520","1,520","1,520","1,520","1,520","1,520","1,520"
Sheffield,367.9,367.9,367.9,367.9,367.9,367.9,367.9,367.9,367.9,367.9,367.9,367.9,367.9,367.9,367.9,367.9,367.9,367.9,367.9,367.9,367.9,367.9,367.9,368,368,368,368,368,368,368,368,368,368,368
Bristol,"1,326.10","1,326.10","1,326.10","1,326.10","1,326.10","1,326.10","1,326.10","1,326.10","1,326.10","1,326.10","1,326.10","1,326.10","1,326.10","1,326.10","1,326.10","1,326.10","1,326.10","1,326.10","1,326.10","1,326.10","1,326.10","1,326.10","1,326.10","1,327","1,327","1,327","1,327","1,327","1,327","1,327","1,327","1,327","1,327","1,327"
Belfast,948.2,948.2,948.2,948.2,948.2,948.2,948.2,948.2,948.2,948.2,948.2,948.2,948.2,948.2,948.2,948.2,948.2,948.2,948.2,948.2,948.2,948.2,948.2,948,948,948,948,948,"1,783","1,783","1,783","1,783","1,783","1,783"
Newcastle upon Tyne,"5,415.60","5,415.60","5,415.60","5,415.60","5,415.60","5,415.60","5,415.60","5,415.60","5,415.60","5,415.60","5,415.60","5,415.60","5,415.60","5,415.60","5,415.60","5,415.60","5,415.60","5,415.60","5,415.60","5,415.60","5,415.60","5,415.60","5,415.60","5,417","5,417","5,417","5,417","5,417","5,417","5,417","5,417","5,417","5,417","5,417"
Leicester,"3,147","3,147","3,147","3,147","3,147","3,147","3,147","3,147","3,147","3,147","3,147","3,147","3,147","3,147","3,147","3,147","3,147","3,147","3,147","3,147","3,147","3,147","3,147","3,147","3,147","3,147","3,147","3,147","3,147","3,147","3,147","3,147","3,147","3,147"
Aberdeen,"6,498.30","6,498.30","6,498.30","6,498.30","6,498.30","6,498.30","6,498.30","6,498.30","6,498.30","6,498.30","6,498.30","6,498.30","6,498.30","6,498.30","6,498.30","6,498.30","6,498.30","6,498.30","6,498.30","6,498.30","6,498.30","6,498.30","6,498.30","6,498","6,498","6,498","6,498","6,498","6,498","6,498","6,498","6,498","6,498","6,498"
Cambridge,:,:,:,:,:,:,:,:,:,:,:,:,:,:,:,:,:,:,:,:,:,:,:,:,:,:,:,:,"3,046","3,046","3,046","3,046","3,046","3,046"
Exeter,"6,564.20","6,564.20","6,564.20","6,564.20","6,564.20","6,564.20","6,564.20","6,564.20","6,564.20","6,564.20","6,564.20","6,564.20","6,564.20","6,564.20","6,564.20","6,564.20","6,564.20","6,564.20","6,564.20","6,564.20","6,564.20","6,564.20","6,564.20","6,564","6,564","6,564","6,564","6,564","6,564","6,564","6,564","6,564","6,564","6,564"
Lincoln,:,:,:,:,:,:,:,:,:,:,:,:,:,:,:,:,:,:,:,:,:,:,:,:,:,:,:,:,:,:,:,"5,937","5,937","5,937"
Portsmouth,275.4,275.4,275.4,275.4,275.4,275.4,275.4,275.4,275.4,275.4,275.4,275.4,275.4,275.4,275.4,275.4,275.4,275.4,275.4,275.4,275.4,275.4,275.4,275,275,275,275,275,275,275,275,275,275,275
Coventry,"2,073.80","2,073.80","2,073.80","2,073.80","2,073.80","2,073.80","2,073.80","2,073.80","2,073.80","2,073.80","2,073.80","2,073.80","2,073.80","2,073.80","2,073.80","2,073.80","2,073.80","2,073.80","2,073.80","2,073.80","2,073.80","2,073.80","2,073.80","2,074","2,074","2,074","2,074","2,074","2,074","2,074","2,074","2,074","2,074","2,074"
Kingston upon Hull,"2,479.20","2,479.20","2,479.20","2,479.20","2,479.20","2,479.20","2,479.20","2,479.20","2,479.20","2,479.20","2,479.20","2,479.20","2,479.20","2,479.20","2,479.20","2,479.20","2,479.20","2,479.20","2,479.20","2,479.20","2,479.20","2,479.20","2,479.20","2,476","2,476","2,476","2,476","2,476","2,476","2,476","2,476","2,476","2,476","2,476"
Stoke-on-Trent,"2,713.80","2,713.80","2,713.80","2,713.80","2,713.80","2,713.80","2,713.80","2,713.80","2,713.80","2,713.80","2,713.80","2,713.80","2,713.80","2,713.80","2,713.80","2,713.80","2,713.80","2,713.80","2,713.80","2,713.80","2,713.80","2,713.80","2,713.80","2,713","2,713","2,713","2,713","2,713","2,713","2,713","2,713","2,713","2,713","2,713"
Nottingham,74.6,74.6,74.6,74.6,74.6,74.6,74.6,74.6,74.6,74.6,74.6,74.6,74.6,74.6,74.6,74.6,74.6,74.6,74.6,74.6,74.6,74.6,74.6,75,75,75,75,75,75,75,75,75,75,75
Kirklees,772.5,772.5,772.5,772.5,772.5,772.5,772.5,772.5,772.5,772.5,772.5,772.5,772.5,772.5,772.5,772.5,772.5,772.5,772.5,772.5,772.5,772.5,772.5,773,773,773,773,773,773,773,773,773,773,773
Doncaster,"1,183.60","1,183.60","1,183.60","1,183.60","1,183.60","1,183.60","1,183.60","1,183.60","1,183.60","1,183.60","1,183.60","1,183.60","1,183.60","1,183.60","1,183.60","1,183.60","1,183.60","1,183.60","1,183.60","1,183.60","1,183.60","1,183.60","1,183.60","1,184","1,184","1,184","1,184","1,184","1,184","1,184","1,184","1,184","1,184","1,184"
Sunderland,137.5,137.5,137.5,137.5,137.5,137.5,137.5,137.5,137.5,137.5,137.5,137.5,137.5,137.5,137.5,137.5,137.5,137.5,137.5,137.5,137.5,137.5,137.5,137,137,137,137,137,137,137,137,137,137,137
Medway,192,192,192,192,192,192,192,192,192,192,192,192,192,192,192,192,192,192,192,192,192,192,192,194,194,194,194,194,194,194,194,194,194,194
Brighton and Hove,82.7,82.7,82.7,82.7,82.7,82.7,82.7,82.7,82.7,82.7,82.7,82.7,82.7,82.7,82.7,82.7,82.7,82.7,82.7,82.7,82.7,82.7,82.7,83,83,83,83,83,83,83,83,83,83,83
Plymouth,:,:,:,:,:,:,:,:,:,:,:,:,:,:,:,:,:,:,:,:,:,:,:,:,:,:,:,:,80,80,80,80,80,80
Swansea,"1,071.80","1,071.80","1,071.80","1,071.80","1,071.80","1,071.80","1,071.80","1,071.80","1,071.80","1,071.80","1,071.80","1,071.80","1,071.80","1,071.80","1,071.80","1,071.80","1,071.80","1,071.80","1,071.80","1,071.80","1,071.80","1,071.80","1,071.80","1,072","1,072","1,072","1,072","1,072","1,072","1,072","1,072","1,072","1,072","1,072"
Derby,78,78,78,78,78,78,78,78,78,78,78,78,78,78,78,78,78,78,78,78,78,78,78,78,78,78,78,78,78,78,78,78,78,78
Southampton,49.9,49.9,49.9,49.9,49.9,49.9,49.9,49.9,49.9,49.9,49.9,49.9,49.9,49.9,49.9,49.9,49.9,49.9,49.9,49.9,49.9,49.9,49.9,50,50,50,50,50,"2,606","2,606","2,606","2,606","2,606","2,606"
Northampton,:,:,:,:,:,:,:,:,:,:,:,:,:,:,:,:,:,:,:,:,:,:,:,:,:,:,:,:,"1,377","1,377","1,377","1,377","1,377","1,377"
Bournemouth,110.9,110.9,110.9,110.9,110.9,110.9,110.9,110.9,110.9,110.9,110.9,110.9,110.9,110.9,110.9,110.9,110.9,110.9,110.9,110.9,110.9,110.9,110.9,111,111,111,111,111,111,111,111,162,162,162
Colchester,:,:,:,:,:,:,:,:,:,:,:,:,:,:,:,:,:,:,:,:,:,:,:,:,:,:,:,:,"1,279","1,279","1,279","1,279","1,279","1,279"
Blackburn - Blackpool - Preston,"1,175.90","1,175.90","1,175.90","1,175.90","1,175.90","1,175.90","1,175.90","1,175.90","1,175.90","1,175.90","1,175.90","1,175.90","1,175.90","1,175.90","1,175.90","1,175.90","1,175.90","1,175.90","1,175.90","1,175.90","1,175.90","1,175.90","1,175.90","1,176","1,176","1,176","1,176","1,176","1,176","1,176","1,176","1,176","1,176","1,176"
Middlesbrough,596.6,596.6,596.6,596.6,596.6,596.6,596.6,596.6,596.6,596.6,596.6,596.6,596.6,596.6,596.6,596.6,596.6,596.6,596.6,596.6,596.6,596.6,596.6,598,598,598,598,598,598,598,598,598,598,598
Oxford,:,:,:,:,:,:,:,:,:,:,:,:,:,:,:,:,:,:,:,:,:,:,:,:,:,:,:,:,"2,605","2,605","2,605","2,605","2,605","2,605"
Milton Keynes,:,:,:,:,:,:,:,:,:,:,:,:,:,:,:,:,:,:,:,:,:,:,:,:,:,:,:,:,:,:,:,309,309,309
Norwich,766,766,766,766,766,766,766,766,766,766,766,766,766,766,766,766,766,766,766,766,766,766,766,766,766,766,766,766,766,766,766,766,766,766
Cheshire West and Chester,"1,858","1,858","1,858","1,858","1,858","1,858","1,858","1,858","1,858","1,858","1,858","1,858","1,858","1,858","1,858","1,858","1,858","1,858","1,858","1,858","1,858","1,858","1,858","1,858","1,858","1,858","1,858","1,858","1,858","1,858","1,858","1,858","1,858","1,858"
Ipswich,"3,800.40","3,800.40","3,800.40","3,800.40","3,800.40","3,800.40","3,800.40","3,800.40","3,800.40","3,800.40","3,800.40","3,800.40","3,800.40","3,800.40","3,800.40","3,800.40","3,800.40","3,800.40","3,800.40","3,800.40","3,800.40","3,800.40","3,800.40","3,801","3,801","3,801","3,801","3,801","3,801","3,801","3,801","3,801","3,801","3,801"
